<?xml version="1.0" encoding="UTF-8"?>
<project-private xmlns="http://www.netbeans.org/ns/project-private/1">
    <editor-bookmarks xmlns="http://www.netbeans.org/ns/editor-bookmarks/2" lastBookmarkId="0"/>
    <open-files xmlns="http://www.netbeans.org/ns/projectui-open-files/2">
        <group>
            <file>file://Mac/Home/Documents/NetBeansProjects/CarManagement/src/utils/DB.java</file>
            <file>file://Mac/Home/Documents/NetBeansProjects/CarManagement/src/models/CarType.java</file>
            <file>file://Mac/Home/Documents/NetBeansProjects/CarManagement/src/models/CarOwner.java</file>
            <file>file://Mac/Home/Documents/NetBeansProjects/CarManagement/src/carmanagement/Interface.java</file>
        </group>
    </open-files>
</project-private>
